sequence_id,model,tau,pck_percent_mean,frames_used
courtyard_backpack_00,mp,0.1,14.78379,1262
courtyard_backpack_00,mp,0.2,26.256509,1262
courtyard_backpack_00,mp,0.3,48.415214,1262
courtyard_backpack_00,mp,0.4,70.104143,1262
courtyard_backpack_00,mp,0.5,86.812316,1262
courtyard_backpack_00,mp,0.6,96.55309,1262
courtyard_backpack_00,mp,0.8,99.784922,1262
courtyard_backpack_00,mp,1.0,100.0,1262
courtyard_backpack_00,vibe,0.1,38.69142,1262
courtyard_backpack_00,vibe,0.2,77.597917,1262
courtyard_backpack_00,vibe,0.3,96.524791,1262
courtyard_backpack_00,vibe,0.4,99.043468,1262
courtyard_backpack_00,vibe,0.5,99.688703,1262
courtyard_backpack_00,vibe,0.6,99.9717,1262
courtyard_backpack_00,vibe,0.8,100.0,1262
courtyard_backpack_00,vibe,1.0,100.0,1262
courtyard_bodyScannerMotions_00,mp,0.1,14.50733,1257
courtyard_bodyScannerMotions_00,mp,0.2,30.310263,1257
courtyard_bodyScannerMotions_00,mp,0.3,49.596545,1257
courtyard_bodyScannerMotions_00,mp,0.4,68.138425,1257
courtyard_bodyScannerMotions_00,mp,0.5,83.41857,1257
courtyard_bodyScannerMotions_00,mp,0.6,91.072849,1257
courtyard_bodyScannerMotions_00,mp,0.8,96.834868,1257
courtyard_bodyScannerMotions_00,mp,1.0,98.920332,1257
courtyard_bodyScannerMotions_00,vibe,0.1,38.015684,1257
courtyard_bodyScannerMotions_00,vibe,0.2,75.514263,1257
courtyard_bodyScannerMotions_00,vibe,0.3,91.362655,1257
courtyard_bodyScannerMotions_00,vibe,0.4,96.266621,1257
courtyard_bodyScannerMotions_00,vibe,0.5,98.43164,1257
courtyard_bodyScannerMotions_00,vibe,0.6,99.249915,1257
courtyard_bodyScannerMotions_00,vibe,0.8,99.784066,1257
courtyard_bodyScannerMotions_00,vibe,1.0,99.95454,1257
courtyard_box_00,mp,0.1,12.52495,1002
courtyard_box_00,mp,0.2,24.222983,1002
courtyard_box_00,mp,0.3,50.570288,1002
courtyard_box_00,mp,0.4,69.817508,1002
courtyard_box_00,mp,0.5,86.719418,1002
courtyard_box_00,mp,0.6,94.696322,1002
courtyard_box_00,mp,0.8,99.607927,1002
courtyard_box_00,mp,1.0,100.0,1002
courtyard_box_00,vibe,0.1,29.89022,1002
courtyard_box_00,vibe,0.2,62.874251,1002
courtyard_box_00,vibe,0.3,85.628743,1002
courtyard_box_00,vibe,0.4,94.368406,1002
courtyard_box_00,vibe,0.5,97.105788,1002
courtyard_box_00,vibe,0.6,98.488737,1002
courtyard_box_00,vibe,0.8,99.586541,1002
courtyard_box_00,vibe,1.0,99.921585,1002
courtyard_jumpBench_01,mp,0.1,11.066236,619
courtyard_jumpBench_01,mp,0.2,20.516963,619
courtyard_jumpBench_01,mp,0.3,39.476114,619
courtyard_jumpBench_01,mp,0.4,61.35472,619
courtyard_jumpBench_01,mp,0.5,83.060235,619
courtyard_jumpBench_01,mp,0.6,93.641819,619
courtyard_jumpBench_01,mp,0.8,99.330718,619
courtyard_jumpBench_01,mp,1.0,100.0,619
courtyard_jumpBench_01,vibe,0.1,30.117701,619
courtyard_jumpBench_01,vibe,0.2,73.032541,619
courtyard_jumpBench_01,vibe,0.3,95.418878,619
courtyard_jumpBench_01,vibe,0.4,99.2961,619
courtyard_jumpBench_01,vibe,0.5,99.896146,619
courtyard_jumpBench_01,vibe,0.6,99.942303,619
courtyard_jumpBench_01,vibe,0.8,100.0,619
courtyard_jumpBench_01,vibe,1.0,100.0,619
courtyard_laceShoe_00,mp,0.1,11.354918,931
courtyard_laceShoe_00,mp,0.2,20.454197,931
courtyard_laceShoe_00,mp,0.3,40.225564,931
courtyard_laceShoe_00,mp,0.4,63.771674,931
courtyard_laceShoe_00,mp,0.5,82.315483,931
courtyard_laceShoe_00,mp,0.6,93.041277,931
courtyard_laceShoe_00,mp,0.8,99.907933,931
courtyard_laceShoe_00,mp,1.0,100.0,931
courtyard_laceShoe_00,vibe,0.1,41.522173,931
courtyard_laceShoe_00,vibe,0.2,80.888446,931
courtyard_laceShoe_00,vibe,0.3,97.928495,931
courtyard_laceShoe_00,vibe,0.4,99.900261,931
courtyard_laceShoe_00,vibe,0.5,100.0,931
courtyard_laceShoe_00,vibe,0.6,100.0,931
courtyard_laceShoe_00,vibe,0.8,100.0,931
courtyard_laceShoe_00,vibe,1.0,100.0,931
courtyard_relaxOnBench_00,mp,0.1,14.964158,558
courtyard_relaxOnBench_00,mp,0.2,28.609831,558
courtyard_relaxOnBench_00,mp,0.3,48.195084,558
courtyard_relaxOnBench_00,mp,0.4,66.308244,558
courtyard_relaxOnBench_00,mp,0.5,83.947773,558
courtyard_relaxOnBench_00,mp,0.6,93.881208,558
courtyard_relaxOnBench_00,mp,0.8,97.055812,558
courtyard_relaxOnBench_00,mp,1.0,99.52637,558
courtyard_relaxOnBench_00,vibe,0.1,40.15617,558
courtyard_relaxOnBench_00,vibe,0.2,79.979519,558
courtyard_relaxOnBench_00,vibe,0.3,94.982079,558
courtyard_relaxOnBench_00,vibe,0.4,97.132616,558
courtyard_relaxOnBench_00,vibe,0.5,99.206349,558
courtyard_relaxOnBench_00,vibe,0.6,99.84639,558
courtyard_relaxOnBench_00,vibe,0.8,100.0,558
courtyard_relaxOnBench_00,vibe,1.0,100.0,558
courtyard_relaxOnBench_01,mp,0.1,13.935647,959
courtyard_relaxOnBench_01,mp,0.2,22.419187,959
courtyard_relaxOnBench_01,mp,0.3,39.468196,959
courtyard_relaxOnBench_01,mp,0.4,60.457322,959
courtyard_relaxOnBench_01,mp,0.5,80.448384,959
courtyard_relaxOnBench_01,mp,0.6,93.281692,959
courtyard_relaxOnBench_01,mp,0.8,99.694622,959
courtyard_relaxOnBench_01,mp,1.0,100.0,959
courtyard_relaxOnBench_01,vibe,0.1,40.592879,959
courtyard_relaxOnBench_01,vibe,0.2,81.118725,959
courtyard_relaxOnBench_01,vibe,0.3,95.434232,959
courtyard_relaxOnBench_01,vibe,0.4,99.136005,959
courtyard_relaxOnBench_01,vibe,0.5,99.679726,959
courtyard_relaxOnBench_01,vibe,0.6,99.947862,959
courtyard_relaxOnBench_01,vibe,0.8,100.0,959
courtyard_relaxOnBench_01,vibe,1.0,100.0,959
flat_guitar_01,mp,0.1,7.975182,472
flat_guitar_01,mp,0.2,19.309927,472
flat_guitar_01,mp,0.3,42.145884,472
flat_guitar_01,mp,0.4,60.97155,472
flat_guitar_01,mp,0.5,79.509685,472
flat_guitar_01,mp,0.6,82.475787,472
flat_guitar_01,mp,0.8,99.409806,472
flat_guitar_01,mp,1.0,100.0,472
flat_guitar_01,vibe,0.1,22.336562,472
flat_guitar_01,vibe,0.2,56.280266,472
flat_guitar_01,vibe,0.3,77.254843,472
flat_guitar_01,vibe,0.4,89.906174,472
flat_guitar_01,vibe,0.5,92.115617,472
flat_guitar_01,vibe,0.6,94.249395,472
flat_guitar_01,vibe,0.8,99.576271,472
flat_guitar_01,vibe,1.0,100.0,472
outdoors_climbing_00,mp,0.1,15.028057,1222
outdoors_climbing_00,mp,0.2,25.555296,1222
outdoors_climbing_00,mp,0.3,36.748889,1222
outdoors_climbing_00,mp,0.4,53.179799,1222
outdoors_climbing_00,mp,0.5,64.162965,1222
outdoors_climbing_00,mp,0.6,76.280103,1222
outdoors_climbing_00,mp,0.8,89.805939,1222
outdoors_climbing_00,mp,1.0,93.920973,1222
outdoors_climbing_00,vibe,0.1,43.258492,1228
outdoors_climbing_00,vibe,0.2,76.401815,1228
outdoors_climbing_00,vibe,0.3,92.205677,1228
outdoors_climbing_00,vibe,0.4,97.446487,1228
outdoors_climbing_00,vibe,0.5,98.947185,1228
outdoors_climbing_00,vibe,0.6,99.651,1228
outdoors_climbing_00,vibe,0.8,99.94765,1228
outdoors_climbing_00,vibe,1.0,100.0,1228
outdoors_climbing_01,mp,0.1,14.043584,1062
outdoors_climbing_01,mp,0.2,24.791499,1062
outdoors_climbing_01,mp,0.3,39.857412,1062
outdoors_climbing_01,mp,0.4,57.458972,1062
outdoors_climbing_01,mp,0.5,69.17541,1062
outdoors_climbing_01,mp,0.6,82.08905,1062
outdoors_climbing_01,mp,0.8,95.856874,1062
outdoors_climbing_01,mp,1.0,98.587571,1062
outdoors_climbing_01,vibe,0.1,35.418348,1062
outdoors_climbing_01,vibe,0.2,69.874899,1062
outdoors_climbing_01,vibe,0.3,87.496637,1062
outdoors_climbing_01,vibe,0.4,95.594566,1062
outdoors_climbing_01,vibe,0.5,98.567393,1062
outdoors_climbing_01,vibe,0.6,99.630078,1062
outdoors_climbing_01,vibe,0.8,99.91929,1062
outdoors_climbing_01,vibe,1.0,100.0,1062
outdoors_climbing_02,mp,0.1,13.253968,360
outdoors_climbing_02,mp,0.2,26.865079,360
outdoors_climbing_02,mp,0.3,44.583333,360
outdoors_climbing_02,mp,0.4,62.02381,360
outdoors_climbing_02,mp,0.5,75.615079,360
outdoors_climbing_02,mp,0.6,83.115079,360
outdoors_climbing_02,mp,0.8,90.93254,360
outdoors_climbing_02,mp,1.0,94.960317,360
outdoors_climbing_02,vibe,0.1,39.608663,376
outdoors_climbing_02,vibe,0.2,75.493921,376
outdoors_climbing_02,vibe,0.3,90.691489,376
outdoors_climbing_02,vibe,0.4,96.580547,376
outdoors_climbing_02,vibe,0.5,98.955167,376
outdoors_climbing_02,vibe,0.6,99.772036,376
outdoors_climbing_02,vibe,0.8,100.0,376
outdoors_climbing_02,vibe,1.0,100.0,376
outdoors_crosscountry_00,mp,0.1,13.280423,135
outdoors_crosscountry_00,mp,0.2,26.719577,135
outdoors_crosscountry_00,mp,0.3,46.402116,135
outdoors_crosscountry_00,mp,0.4,69.94709,135
outdoors_crosscountry_00,mp,0.5,83.544974,135
outdoors_crosscountry_00,mp,0.6,92.063492,135
outdoors_crosscountry_00,mp,0.8,97.671958,135
outdoors_crosscountry_00,mp,1.0,99.153439,135
outdoors_crosscountry_00,vibe,0.1,58.903421,142
outdoors_crosscountry_00,vibe,0.2,86.418511,142
outdoors_crosscountry_00,vibe,0.3,93.863179,142
outdoors_crosscountry_00,vibe,0.4,95.975855,142
outdoors_crosscountry_00,vibe,0.5,97.384306,142
outdoors_crosscountry_00,vibe,0.6,98.138833,142
outdoors_crosscountry_00,vibe,0.8,99.44668,142
outdoors_crosscountry_00,vibe,1.0,99.899396,142
outdoors_fencing_01,mp,0.1,12.716106,942
outdoors_fencing_01,mp,0.2,20.821959,942
outdoors_fencing_01,mp,0.3,33.939945,942
outdoors_fencing_01,mp,0.4,49.620867,942
outdoors_fencing_01,mp,0.5,62.200485,942
outdoors_fencing_01,mp,0.6,71.390658,942
outdoors_fencing_01,mp,0.8,84.463148,942
outdoors_fencing_01,mp,1.0,93.07704,942
outdoors_fencing_01,vibe,0.1,28.541098,942
outdoors_fencing_01,vibe,0.2,60.752199,942
outdoors_fencing_01,vibe,0.3,83.841371,942
outdoors_fencing_01,vibe,0.4,94.168941,942
outdoors_fencing_01,vibe,0.5,98.134668,942
outdoors_fencing_01,vibe,0.6,99.48438,942
outdoors_fencing_01,vibe,0.8,99.88626,942
outdoors_fencing_01,vibe,1.0,99.969669,942
outdoors_freestyle_00,mp,0.1,12.13705,492
outdoors_freestyle_00,mp,0.2,26.408246,492
outdoors_freestyle_00,mp,0.3,49.680604,492
outdoors_freestyle_00,mp,0.4,78.324623,492
outdoors_freestyle_00,mp,0.5,91.811847,492
outdoors_freestyle_00,mp,0.6,96.87863,492
outdoors_freestyle_00,mp,0.8,99.20151,492
outdoors_freestyle_00,mp,1.0,99.78223,492
outdoors_freestyle_00,vibe,0.1,43.331417,497
outdoors_freestyle_00,vibe,0.2,78.513941,497
outdoors_freestyle_00,vibe,0.3,94.150618,497
outdoors_freestyle_00,vibe,0.4,98.275366,497
outdoors_freestyle_00,vibe,0.5,99.798793,497
outdoors_freestyle_00,vibe,0.6,99.971256,497
outdoors_freestyle_00,vibe,0.8,100.0,497
outdoors_freestyle_00,vibe,1.0,100.0,497
outdoors_freestyle_01,mp,0.1,12.532705,273
outdoors_freestyle_01,mp,0.2,26.059655,273
outdoors_freestyle_01,mp,0.3,48.48247,273
outdoors_freestyle_01,mp,0.4,78.021978,273
outdoors_freestyle_01,mp,0.5,89.194139,273
outdoors_freestyle_01,mp,0.6,94.557823,273
outdoors_freestyle_01,mp,0.8,98.953428,273
outdoors_freestyle_01,mp,1.0,100.0,273
outdoors_freestyle_01,vibe,0.1,42.307692,273
outdoors_freestyle_01,vibe,0.2,76.347462,273
outdoors_freestyle_01,vibe,0.3,94.610152,273
outdoors_freestyle_01,vibe,0.4,98.534799,273
outdoors_freestyle_01,vibe,0.5,99.712193,273
outdoors_freestyle_01,vibe,0.6,100.0,273
outdoors_freestyle_01,vibe,0.8,100.0,273
outdoors_freestyle_01,vibe,1.0,100.0,273
outdoors_golf_00,mp,0.1,14.348555,341
outdoors_golf_00,mp,0.2,22.475911,341
outdoors_golf_00,mp,0.3,52.199413,341
outdoors_golf_00,mp,0.4,91.432761,341
outdoors_golf_00,mp,0.5,96.899874,341
outdoors_golf_00,mp,0.6,98.42899,341
outdoors_golf_00,mp,0.8,99.706745,341
outdoors_golf_00,mp,1.0,99.958106,341
outdoors_golf_00,vibe,0.1,63.615417,341
outdoors_golf_00,vibe,0.2,89.296188,341
outdoors_golf_00,vibe,0.3,97.507331,341
outdoors_golf_00,vibe,0.4,98.973607,341
outdoors_golf_00,vibe,0.5,99.497277,341
outdoors_golf_00,vibe,0.6,100.0,341
outdoors_golf_00,vibe,0.8,100.0,341
outdoors_golf_00,vibe,1.0,100.0,341
outdoors_parcours_00,mp,0.1,12.712303,1657
outdoors_parcours_00,mp,0.2,27.683421,1657
outdoors_parcours_00,mp,0.3,46.253987,1657
outdoors_parcours_00,mp,0.4,63.962411,1657
outdoors_parcours_00,mp,0.5,77.623071,1657
outdoors_parcours_00,mp,0.6,85.796189,1657
outdoors_parcours_00,mp,0.8,94.913355,1657
outdoors_parcours_00,mp,1.0,98.01707,1657
outdoors_parcours_00,vibe,0.1,30.20519,1657
outdoors_parcours_00,vibe,0.2,62.664885,1657
outdoors_parcours_00,vibe,0.3,81.16648,1657
outdoors_parcours_00,vibe,0.4,91.374256,1657
outdoors_parcours_00,vibe,0.5,96.060005,1657
outdoors_parcours_00,vibe,0.6,98.271403,1657
outdoors_parcours_00,vibe,0.8,99.435296,1657
outdoors_parcours_00,vibe,1.0,99.866368,1657
outdoors_parcours_01,mp,0.1,14.058269,1319
outdoors_parcours_01,mp,0.2,27.656233,1319
outdoors_parcours_01,mp,0.3,45.656883,1319
outdoors_parcours_01,mp,0.4,63.857901,1319
outdoors_parcours_01,mp,0.5,77.76454,1319
outdoors_parcours_01,mp,0.6,85.676378,1319
outdoors_parcours_01,mp,0.8,94.757933,1319
outdoors_parcours_01,mp,1.0,98.18044,1319
outdoors_parcours_01,vibe,0.1,29.205025,1319
outdoors_parcours_01,vibe,0.2,58.052637,1319
outdoors_parcours_01,vibe,0.3,76.589408,1319
outdoors_parcours_01,vibe,0.4,88.059136,1319
outdoors_parcours_01,vibe,0.5,94.275967,1319
outdoors_parcours_01,vibe,0.6,97.113614,1319
outdoors_parcours_01,vibe,0.8,99.442218,1319
outdoors_parcours_01,vibe,1.0,99.832124,1319
outdoors_slalom_00,mp,0.1,14.219982,326
outdoors_slalom_00,mp,0.2,28.352323,326
outdoors_slalom_00,mp,0.3,48.531989,326
outdoors_slalom_00,mp,0.4,71.340929,326
outdoors_slalom_00,mp,0.5,83.523225,326
outdoors_slalom_00,mp,0.6,89.548642,326
outdoors_slalom_00,mp,0.8,96.516214,326
outdoors_slalom_00,mp,1.0,98.92638,326
outdoors_slalom_00,vibe,0.1,50.985977,326
outdoors_slalom_00,vibe,0.2,82.668712,326
outdoors_slalom_00,vibe,0.3,94.697634,326
outdoors_slalom_00,vibe,0.4,98.247152,326
outdoors_slalom_00,vibe,0.5,99.189308,326
outdoors_slalom_00,vibe,0.6,99.583699,326
outdoors_slalom_00,vibe,0.8,99.934268,326
outdoors_slalom_00,vibe,1.0,99.978089,326
outdoors_slalom_01,mp,0.1,13.063063,333
outdoors_slalom_01,mp,0.2,26.962677,333
outdoors_slalom_01,mp,0.3,47.554698,333
outdoors_slalom_01,mp,0.4,69.54097,333
outdoors_slalom_01,mp,0.5,80.00858,333
outdoors_slalom_01,mp,0.6,87.301587,333
outdoors_slalom_01,mp,0.8,94.165594,333
outdoors_slalom_01,mp,1.0,98.348348,333
outdoors_slalom_01,vibe,0.1,18.168168,333
outdoors_slalom_01,vibe,0.2,39.317889,333
outdoors_slalom_01,vibe,0.3,59.67396,333
outdoors_slalom_01,vibe,0.4,73.895324,333
outdoors_slalom_01,vibe,0.5,83.740884,333
outdoors_slalom_01,vibe,0.6,89.78979,333
outdoors_slalom_01,vibe,0.8,95.216645,333
outdoors_slalom_01,vibe,1.0,98.412698,333
